Month,Forecasted_Sales
2023-04,15171.835166285882
2023-05,15317.090573346917
2023-06,14915.121228035476
2023-07,15862.774407041341
2023-08,15403.496651845893
2023-09,14643.251450311021
